,python,sql,machine learning,aws,pytorch,tensorflow,llm,spark,deep learning,nlp,azure,docker
2020.0,21.33011727803935,19.044747569677988,8.379688930658316,4.570739416722718,2.285369708361359,2.285369708361359,0.0,4.570739416722718,0.0,0.0,0.0,0.0
2021.0,21.35551027479892,18.65538828603124,7.118503424932974,5.154778342192842,2.7001219887676795,2.7001219887676795,0.0,5.154778342192842,0.0,0.0,0.0,0.0
2022.0,19.66422507304334,17.084812833523767,7.404430428738541,5.46228474251204,2.549066213172285,2.549066213172285,0.0,5.46228474251204,0.0,0.03034602634728911,0.0,0.0
2023.0,18.64801864801865,15.816376965487771,6.734715353046406,5.382670225351484,2.7296005408180513,2.7296005408180513,0.0,5.382670225351484,0.10204114171282434,0.10204114171282434,0.0,0.0
2026.0,18.64801864801865,12.354312354312354,13.986013986013987,7.459207459207459,5.361305361305361,3.9627039627039626,3.263403263403263,4.662004662004662,2.564102564102564,6.293706293706294,5.128205128205128,1.8648018648018647
